Tema,Carga Horária,Datas,Tópicos,Dataset Recomendado
Redes Neurais Profundas (Deep Learning e Visão Computacional),8,27-jul.-26,"Conceitos de DL e Neurônio Artificial: Perceptron, ativações e combinação linear. Funcionamento na planilha com caso prático (Consumo de Creatina em Esportes) e Tensores no PyTorch.","Planilha Interativa / Dados Sintéticos"
Redes Neurais Profundas (Deep Learning e Visão Computacional),8,29-jul.-26,"Grafos de computação, Autograd e a primeira MLP (Multi-Layer Perceptron) para previsão de Churn de clientes em um SaaS de assinatura com nn.Module.","Telco Customer Churn (https://www.kaggle.com/datasets/blastchar/telco-customer-churn)"
Redes Neurais Profundas (Deep Learning e Visão Computacional),8,03-ago.-26,"Ciclo de treinamento estável: Loop completo (Forward, Loss, Backward, Step) aplicado na categorização automática de transações financeiras para Fintechs (classificação multiclasse tabular).","Personal Finance Transaction (https://www.kaggle.com/datasets/lopesenrique/personal-finance-transaction-analysis-dataset)"
Redes Neurais Profundas (Deep Learning e Visão Computacional),8,05-ago.-26,"Avaliação e Debugging: Lidando com classes desbalanceadas (detecção de fraude em pagamentos online), métricas (F1-Score, Precision/Recall) e técnicas de regularização (Dropout).","Credit Card Fraud Detection (https://www.kaggle.com/datasets/mlg-ulb/creditcardfraud)"
Redes Neurais Profundas (Deep Learning e Visão Computacional),8,10-ago.-26,"Introdução a Visão Computacional com CNNs: Convolução, pooling, padding e classificação de imagens de folhas para detecção de pragas na agricultura (SaaS AgriTech).","PlantVillage (https://huggingface.co/datasets/mohanty/PlantVillage)"
Redes Neurais Profundas (Deep Learning e Visão Computacional),8,12-ago.-26,"Autoencoders convolucionais: Compressão de representações e projeto prático de Denoising (limpeza de ruídos e sombras) em imagens de documentos digitalizados para melhorar sistemas de OCR.","Denoising Dirty Documents (https://www.kaggle.com/competitions/denoising-dirty-documents)"
Redes Neurais Profundas (Deep Learning e Visão Computacional),8,17-ago.-26,"Modelagem sequencial com LSTMs/GRUs: Introdução a redes recorrentes e previsão de demanda de vendas futuras em e-commerce (SaaS de Demand Forecasting).","Store Item Demand Forecasting (https://www.kaggle.com/competitions/demand-forecasting-kernels-only)"
Redes Neurais Profundas (Deep Learning e Visão Computacional),8,19-ago.-26,"Prática Integradora e Consolidação: Projeto de classificação de recibos de despesas corporativas de ponta a ponta (SaaS de Expense Tracking), debugging e salvamento de modelo.","SROIE (https://www.kaggle.com/datasets/urbikn/sroie-datasetv2)"
Visão Computacional com CNNs e Transformers (Deep Learning e Visão Computacional),8,31-ago.-26,A definir,A definir
Visão Computacional com CNNs e Transformers (Deep Learning e Visão Computacional),8,02-set.-26,A definir,A definir
Visão Computacional com CNNs e Transformers (Deep Learning e Visão Computacional),8,09-set.-26,A definir,A definir
Visão Computacional com CNNs e Transformers (Deep Learning e Visão Computacional),8,14-set.-26,A definir,A definir
Visão Computacional com CNNs e Transformers (Deep Learning e Visão Computacional),8,16-set.-26,A definir,A definir
Visão Computacional com CNNs e Transformers (Deep Learning e Visão Computacional),8,21-set.-26,A definir,A definir
Visão Computacional com CNNs e Transformers (Deep Learning e Visão Computacional),8,23-set.-26,A definir,A definir
Visão Computacional com CNNs e Transformers (Deep Learning e Visão Computacional),8,28-set.-26,A definir,A definir
